"source_id","filnamn","ursprunglig_sokvag","aktiv_sokvag","filtyp","kategori","produktomrade","version","andringsdatum","SHA256","sekretessklass","granskningsstatus"
"SRC-00001","Byggparm_for_UE.docx","see archive","originals\kvalitetsdokument\Byggparm_for_UE.docx","DOCX","original","","","2025-01-24","33E475ABEC4E0DF283B254DBF9AE862021B1511A5F95A8397D4E149773A5599D","intern","inventerad"
"SRC-00002","Egenkontroll för bygg (mall).docx","see archive","originals\kvalitetsdokument\Egenkontroll för bygg (mall).docx","DOCX","original","","","2026-07-03","7654D31C9FA7EDE1EA4B6B027FA85714BE2173E5218015E739E7991B4734486C","intern","inventerad"
"SRC-00003","Egenkontroll_-_ventilation.dotx","see archive","originals\kvalitetsdokument\Egenkontroll_-_ventilation.dotx","DOTX","original","","","2026-07-03","435C1E2A585B25DBA89B3EF165B7D86E574BE075F58FCAFD4413AAF72C1B6B0D","intern","inventerad"
"SRC-00004","Egenkontroll_for_bygg.docx","see archive","originals\kvalitetsdokument\Egenkontroll_for_bygg.docx","DOCX","original","","","2025-02-03","AF5F88D2582DC2B90A2F4FE10692CABD2813494E247FC62D762DB88D44584847","intern","inventerad"
"SRC-00005","Kontrollplan_-_mall.docx","see archive","originals\kvalitetsdokument\Kontrollplan_-_mall.docx","DOCX","original","","","2025-01-24","C56A965B62A35F5530BCBFDE58ABC6F91E9A388C73083AF3554CB73B696E2709","intern","inventerad"
"SRC-00006","Kvalitetsplan för bygg - Avancerad mall för större projekt.docx","see archive","originals\kvalitetsdokument\Kvalitetsplan för bygg - Avancerad mall för större projekt.docx","DOCX","original","","","2026-06-11","3D8C31F54CBE64115395F82BDDAAE08DD1FA8388087741D5B9E9EDD29D7ABA1E","intern","inventerad"
"SRC-00007","Kvalitetsplan_for_storre_projekt.docx","see archive","originals\kvalitetsdokument\Kvalitetsplan_for_storre_projekt.docx","DOCX","original","","","2025-01-24","B23BE523F293ED41A081FE2C374B5F5C731AB0112C2FF956335262878219A132","intern","inventerad"
"SRC-00008","Masterlista_Egenkontroller_2026.docx","see archive","originals\kvalitetsdokument\Masterlista_Egenkontroller_2026.docx","DOCX","original","","","2026-07-04","DD0CCDE35AE7CB05F098D96CD0A9D273354BA7CC3B014380860B9FD5A5F5A4D1","intern","inventerad"
"SRC-00009","Miljöplan för bygg - Avancerad mall för större projekt.docx","see archive","originals\kvalitetsdokument\Miljöplan för bygg - Avancerad mall för större projekt.docx","DOCX","original","","","2026-06-11","0AF8D56CB93E135E44E9D5A588473C18B0385DC978BA1B52F1B10256476E620D","intern","inventerad"
"SRC-00010","Plan_de_calitate_-_Kvalitetsplan.doc","see archive","originals\kvalitetsdokument\Plan_de_calitate_-_Kvalitetsplan.doc","Other","original","","","2025-01-24","9913A763C4C507C7408A04ABF615B42202D56CAF55A73D24A77BD4D3F67BA9DB","intern","inventerad"
"SRC-00011","Plan_de_mediu_-_Miljoplan.doc","see archive","originals\kvalitetsdokument\Plan_de_mediu_-_Miljoplan.doc","Other","original","","","2025-01-24","C042FE1A9E289ED07B8F097CE0D1D57154D2D01012A3B546CC4328051FB4D177","intern","inventerad"
"SRC-00012","Plan_de_sanantate_si_siguranta_pentru_-_Arbetsmiljoplan.doc","see archive","originals\kvalitetsdokument\Plan_de_sanantate_si_siguranta_pentru_-_Arbetsmiljoplan.doc","Other","original","","","2025-01-24","C8DB5DECBFF2792821F1B8F09D9535AE842A0E212EC096FC7E769147C676C65B","intern","inventerad"
"SRC-00013","Template_-_Health_and_safety_plan.dot","see archive","originals\kvalitetsdokument\Template_-_Health_and_safety_plan.dot","Other","original","","","2025-01-24","5621EA4F7C037C1B39CB26D4AA677667A87D880870C439971DA1120E8B3AFD25","intern","inventerad"
"SRC-00014","Template_-_Health_and_safety_plan.dotx","see archive","originals\kvalitetsdokument\Template_-_Health_and_safety_plan.dotx","DOTX","original","","","2025-01-24","39F3D8DCA32D8BED9B6DE79AB562F89D7B890E8D942035BB3E9314B4701B4919","intern","inventerad"
"SRC-00015","Byggpärm dokument mall.docx","see archive","originals\kvalitetsdokument\Byggpärm\Byggpärm dokument mall.docx","DOCX","original","","","2025-01-23","B152945AA31D771124C52AC83699604EC4D43339590CBE054BE09E3321683A6C","intern","inventerad"
"SRC-00016","Försättsblad.docx","see archive","originals\kvalitetsdokument\Byggpärm\Försättsblad.docx","DOCX","original","","","2025-01-23","FF746B5028C818A30282AFAF3FC7F608721A5172CC5C49D8F6C932D48E36A7F8","intern","inventerad"
"SRC-00017","Innehållsförteckning för byggpärm.docx","see archive","originals\kvalitetsdokument\Byggpärm\Innehållsförteckning för byggpärm.docx","DOCX","original","","","2025-01-23","64818769B29D3505BD3B0DF3D1825ECCFA8ABBD11240798AE0F1127D0CE5BB0A","intern","inventerad"
"SRC-00018","Tackbrev - från Kvalitetsdokument.docx","see archive","originals\kvalitetsdokument\Byggpärm\Tackbrev - från Kvalitetsdokument.docx","DOCX","original","","","2025-01-23","296589A41CC2201F513735ED0056CF716456DE7D7F94F64AC73255AA41BDC61B","intern","inventerad"
"SRC-00019","Flik 1 Projektbeskrivning.docx","see archive","originals\kvalitetsdokument\Byggpärm\Flik 1 Projektbeskrivning\Flik 1 Projektbeskrivning.docx","DOCX","original","","","2025-01-22","D913EC099562D24E7895B0E48A828C62C1A7D1D8D96B98A821766B9F119D2E79","intern","inventerad"
"SRC-00020","Flik 10 Protokoll - byggmöte mm.docx","see archive","originals\kvalitetsdokument\Byggpärm\Flik 10 Protokoll - byggmöte mm\Flik 10 Protokoll - byggmöte mm.docx","DOCX","original","","","2025-01-22","BDB5B184CB8208242D6683782702A0132B88943C43B72D55050D39918F09E79A","intern","inventerad"
"SRC-00021","Flik 11 Bygghandlingar relationsritningar.docx","see archive","originals\kvalitetsdokument\Byggpärm\Flik 11 Bygghandlingar relationsritningar\Flik 11 Bygghandlingar relationsritningar.docx","DOCX","original","","","2025-01-23","A9BF6C41D8D3810C72D8B64C11EC981B037AD811BB1256FCA552F0E382A7B026","intern","inventerad"
"SRC-00022","Flik 12 Kontrollplan.docx","see archive","originals\kvalitetsdokument\Byggpärm\Flik 12 Kontrollplan\Flik 12 Kontrollplan.docx","DOCX","original","","","2025-01-22","A3E8ECFFD2C9FDE76E763EA71FB8BE1804760645B9BE7533E95028C637D40252","intern","inventerad"
"SRC-00023","Flik 13 - Egenkontroll - mall.docx","see archive","originals\kvalitetsdokument\Byggpärm\Flik 13 Egenkontroller\Flik 13 - Egenkontroll - mall.docx","DOCX","original","","","2025-01-22","731B5280BB91D8F956B8BE614A98EC73DE3E9F3452BB2AF8D519E6232F06FDCA","intern","inventerad"
"SRC-00024","Flik 13 -1 Egenkontroll  Administration.docx","see archive","originals\kvalitetsdokument\Byggpärm\Flik 13 Egenkontroller\Flik 13 -1 Egenkontroll  Administration.docx","DOCX","original","","","2025-01-22","A6D3183A0ADA075D9C2BA76C787ADDAFC472F426A9C7306634AF0BD5FC1359B0","intern","inventerad"
"SRC-00025","Flik 13 -2 Egenkontroll  kvalitetsplan.docx","see archive","originals\kvalitetsdokument\Byggpärm\Flik 13 Egenkontroller\Flik 13 -2 Egenkontroll  kvalitetsplan.docx","DOCX","original","","","2025-01-22","F9988F009B45661DAED6EB83701FB371507C1A61C8BC9242ACC4190F717E4DEC","intern","inventerad"
"SRC-00026","Flik 13 -3 Egenkontroll  miljöplan.docx","see archive","originals\kvalitetsdokument\Byggpärm\Flik 13 Egenkontroller\Flik 13 -3 Egenkontroll  miljöplan.docx","DOCX","original","","","2025-01-22","657C031BC3BB4AEB71731280EE60F3FA0EC75AD33D8517C134E3BDA252769682","intern","inventerad"
"SRC-00027","Flik 13 -4  Egenkontroll  arbetsmiljöplan.docx","see archive","originals\kvalitetsdokument\Byggpärm\Flik 13 Egenkontroller\Flik 13 -4  Egenkontroll  arbetsmiljöplan.docx","DOCX","original","","","2025-01-22","3F6A1633A12119B21B0F21773641990D0F584E397052F5C016853BE4EBD3D8A1","intern","inventerad"
"SRC-00028","Flik 13 -5 Egenkontroll  personal.docx","see archive","originals\kvalitetsdokument\Byggpärm\Flik 13 Egenkontroller\Flik 13 -5 Egenkontroll  personal.docx","DOCX","original","","","2025-01-22","66F3B3DECD16547DCDB91AF74D28DCC2E357DA4DF1EC60C55D9B25C3819CDBBC","intern","inventerad"
"SRC-00029","Flik 13 -6 Uppföljning arbetsmiljö.docx","see archive","originals\kvalitetsdokument\Byggpärm\Flik 13 Egenkontroller\Flik 13 -6 Uppföljning arbetsmiljö.docx","DOCX","original","","","2025-01-22","CA67EBFD7865A38D52823E688DBF7AD69D30C297CF11D49CF7EC218620A950C3","intern","inventerad"
"SRC-00030","Flik 13 -7 Uppföljning kvalitetsplanen.docx","see archive","originals\kvalitetsdokument\Byggpärm\Flik 13 Egenkontroller\Flik 13 -7 Uppföljning kvalitetsplanen.docx","DOCX","original","","","2025-01-22","41DC7740BB1523E8F90BEE5AA3AD618EB19E3689910E98BF7960565F71251E4F","intern","inventerad"
"SRC-00031","Flik 13 -8 Egenkontroll Ankommande gods.docx","see archive","originals\kvalitetsdokument\Byggpärm\Flik 13 Egenkontroller\Flik 13 -8 Egenkontroll Ankommande gods.docx","DOCX","original","","","2025-01-22","43AF75F0DF3DF967ED6D80696806F5D5FD4D0FFABD47CCDD544238A886CF4A5D","intern","inventerad"
"SRC-00032","Flik 14 Egenkontroller från underentreprenörer.docx","see archive","originals\kvalitetsdokument\Byggpärm\Flik 14 Egenkontroller från underentreprenörer\Flik 14 Egenkontroller från underentreprenörer.docx","DOCX","original","","","2025-01-22","404EC3F327250EC0B33BCD49ED9D07A351BA51EAC63DAB84ACF801AFA657D946","intern","inventerad"
"SRC-00033","Flik 15 Inventering av maskiner för UE.docx","see archive","originals\kvalitetsdokument\Byggpärm\Flik 15 Inventering av maskiner för UE\Flik 15 Inventering av maskiner för UE.docx","DOCX","original","","","2025-01-22","B883CE90CD1ECC18723451A81B92504B665D77EF512D4D4894B77B3A89FD9D10","intern","inventerad"
"SRC-00034","Flik 16 Avvikelserapport.docx","see archive","originals\kvalitetsdokument\Byggpärm\Flik 16 ÄTA\Flik 16 Avvikelserapport.docx","DOCX","original","","","2025-01-22","1E8E3F4C81B927B86125A85DD8D0B0CEEF32B797654BE7EE9BE05A5058CEF611","intern","inventerad"
"SRC-00035","Flik 16 ÄTA-lista.docx","see archive","originals\kvalitetsdokument\Byggpärm\Flik 16 ÄTA\Flik 16 ÄTA-lista.docx","DOCX","original","","","2025-01-22","5A2AE15853762B9E961943AD38094E93BD5F41DB1E2445AFBA317D3CA7F451A5","intern","inventerad"
"SRC-00036","Flik 16 ÄTA.docx","see archive","originals\kvalitetsdokument\Byggpärm\Flik 16 ÄTA\Flik 16 ÄTA.docx","DOCX","original","","","2025-01-22","8334231E28CAD300C15D5DB99576D88DCC358D8520A7F087DB0C86D3B77AED25","intern","inventerad"
"SRC-00037","Flik 17 Säkerhetsdatablad för projektet.docx","see archive","originals\kvalitetsdokument\Byggpärm\Flik 17 Säkerhetsdatablad för projektet\Flik 17 Säkerhetsdatablad för projektet.docx","DOCX","original","","","2025-01-22","1DE3AE5E2F1BA007A308994AC3366D0F69FBA320969DAE1EF26663EB96B92AA8","intern","inventerad"
"SRC-00038","Flik 18 Nödlägesberedskap.docx","see archive","originals\kvalitetsdokument\Byggpärm\Flik 18 Nödlägesberedskap\Flik 18 Nödlägesberedskap.docx","DOCX","original","","","2025-01-22","50A8F8B16FF3CEEE18F60B64A7AAF424F527F6B3C1FA18D24A6EC439F5C95956","intern","inventerad"
"SRC-00039","Flik 19 Anhöriglista.docx","see archive","originals\kvalitetsdokument\Byggpärm\Flik 19 Anhöriglista\Flik 19 Anhöriglista.docx","DOCX","original","","","2025-01-22","8608DC755F36B4B80692142B99219092736CED3A5C58FE082D8CC5A8DD50DCEF","intern","inventerad"
"SRC-00040","Flik 2  Företagsinformation.docx","see archive","originals\kvalitetsdokument\Byggpärm\Flik 2 Organisation\Flik 2  Företagsinformation.docx","DOCX","original","","","2025-01-22","7719C2482B94B8103F614328DFE8DE2FDC37CB829E0800B9FAABD7DA85028D78","intern","inventerad"
"SRC-00041","Flik 2 Projektorganisation.docx","see archive","originals\kvalitetsdokument\Byggpärm\Flik 2 Organisation\Flik 2 Projektorganisation.docx","DOCX","original","","","2025-01-22","1F2CC42D01F30F7F9EDE66010E4B4E7C4B37FE11DB4E645E4004079D497CABFA","intern","inventerad"
"SRC-00042","Flik 2 Yrkesarbetare.docx","see archive","originals\kvalitetsdokument\Byggpärm\Flik 2 Organisation\Flik 2 Yrkesarbetare.docx","DOCX","original","","","2025-01-22","C3CA35606C4DDF31744BD969B7564987A8C4EFFBE5FC7FFE7DCD8DF91EC20CCF","intern","inventerad"
"SRC-00043","Flik 20 Krisberedskap.docx","see archive","originals\kvalitetsdokument\Byggpärm\Flik 20 Krisberedskap\Flik 20 Krisberedskap.docx","DOCX","original","","","2025-01-22","024F386477A43FEFBFEC702F232220C9DCA6C22DBA3A246A1AA7703CC9192D70","intern","inventerad"
"SRC-00044","Flik 21 Skydds- och miljörond.docx","see archive","originals\kvalitetsdokument\Byggpärm\Flik 21 Skydds- och miljörond\Flik 21 Skydds- och miljörond.docx","DOCX","original","","","2025-01-22","49A055EA688CD2EA826D806482C055E6CD83D2E8EF268758DBD4B319D315C69A","intern","inventerad"
"SRC-00045","Flik 22 Ekonomi, betalningsplan.docx","see archive","originals\kvalitetsdokument\Byggpärm\Flik 22 Ekonomi, betalningsplan\Flik 22 Ekonomi, betalningsplan.docx","DOCX","original","","","2025-01-23","003C728CC6DAB77319A21812244D2A5C3D556A660337FC5040B4AA39BA4B9BAF","intern","inventerad"
"SRC-00046","Flik 23 Arbetsplatsbesiktning.docx","see archive","originals\kvalitetsdokument\Byggpärm\Flik 23 Arbetsplatsbesiktning\Flik 23 Arbetsplatsbesiktning.docx","DOCX","original","","","2025-01-23","D62562AD14B1AC612C16ABFE1A72415F90268F31DB4484E07C15655D4C2FD6A6","intern","inventerad"
"SRC-00047","Flik 24 Slutbesiktningsprotokoll.docx","see archive","originals\kvalitetsdokument\Byggpärm\Flik 24 Slutbesiktningsprotokoll\Flik 24 Slutbesiktningsprotokoll.docx","DOCX","original","","","2025-01-23","7C6F56AC322A161E11618DCB03D284D59AC5636A0C03AFA41117A960E6B673B5","intern","inventerad"
"SRC-00048","Flik 25 - Uppföljning Arbetsmiljö.docx","see archive","originals\kvalitetsdokument\Byggpärm\Flik 25 Uppföljning Arbetsmiljö\Flik 25 - Uppföljning Arbetsmiljö.docx","DOCX","original","","","2025-01-23","8774917BF2D5D0C5954D153AA50B26E912568267943EE908FDEDE541F2420FEC","intern","inventerad"
"SRC-00049","Flik 26 - Uppföljning Kvalitet.docx","see archive","originals\kvalitetsdokument\Byggpärm\Flik 26 Uppföljning Kvalitet\Flik 26 - Uppföljning Kvalitet.docx","DOCX","original","","","2025-01-23","F2C81BE7F38B54D323695055305A9EBF4F067D738B43DD8D920D608212FFC452","intern","inventerad"
"SRC-00050","Flik 27 Uppföljning Miljö.docx","see archive","originals\kvalitetsdokument\Byggpärm\Flik 27 Uppföljning Miljö\Flik 27 Uppföljning Miljö.docx","DOCX","original","","","2025-01-23","3C69C9B17ED669321D14762E1BB6DF623A9718DAF310FC155E30E0AA2F098C81","intern","inventerad"
"SRC-00051","Flik 28 Riskbedömning Arbetsmiljö.docx","see archive","originals\kvalitetsdokument\Byggpärm\Flik 28 Riskbedömning  Lagar för projektet\Flik 28 Riskbedömning Arbetsmiljö.docx","DOCX","original","","","2025-01-23","619A735AA5DFEAC812ECD1937374DA1204499C91CC185CA677B3760766964EFD","intern","inventerad"
"SRC-00052","Blankett för kvittering anställda & UE.docx","see archive","originals\kvalitetsdokument\Byggpärm\Flik 29 Kvitteringslistor för anställda och UE\Blankett för kvittering anställda & UE.docx","DOCX","original","","","2025-01-23","3EDD36FAA36032FFF0E8ABB531D789B3FDC37FFA35EA14C8E982B8092AFA56BA","intern","inventerad"
"SRC-00053","Flik 3 Beställarens organisation.docx","see archive","originals\kvalitetsdokument\Byggpärm\Flik 3 Beställarens organisation\Flik 3 Beställarens organisation.docx","DOCX","original","","","2025-01-22","065F27B93237AA0849ED4AA41786DEF5B895EFEE1D3A863D7147F24B5766D5AF","intern","inventerad"
"SRC-00054","Flik 30 Checklista byggpärm.docx","see archive","originals\kvalitetsdokument\Byggpärm\Flik 30 Checklista byggpärm\Flik 30 Checklista byggpärm.docx","DOCX","original","","","2025-01-23","74694770A756BE9995E0EF44A7197C734E7DC47C0B5E600FA600A4E309858445","intern","inventerad"
"SRC-00055","Flik 31 Distribution och signering.docx","see archive","originals\kvalitetsdokument\Byggpärm\Flik 31 Distribution och signering av byggpärmen\Flik 31 Distribution och signering.docx","DOCX","original","","","2025-01-23","384E2BD376059B489334D0446F27E1475EEC28006C7BEA93248EEF61135A853F","intern","inventerad"
"SRC-00056","Flik 4 Underleverantörer (organisation).docx","see archive","originals\kvalitetsdokument\Byggpärm\Flik 4 Underleverantörer (organisation)\Flik 4 Underleverantörer (organisation).docx","DOCX","original","","","2025-01-22","AC472102912377437794390FE68E13548259A46CA99D09FD24FC6E7FAA23C17C","intern","inventerad"
"SRC-00057","Flik 5 Kvalitetsplan.docx","see archive","originals\kvalitetsdokument\Byggpärm\Flik 5 Kvalitetsplan\Flik 5 Kvalitetsplan.docx","DOCX","original","","","2025-01-23","C4F2FBC9F91CEF8DDE13854EBCCA7A908BCEB82DAC02BD7AE5D0C57FDE6196F6","intern","inventerad"
"SRC-00058","Flik 6 Miljöplan.docx","see archive","originals\kvalitetsdokument\Byggpärm\Flik 6 Miljöplan\Flik 6 Miljöplan.docx","DOCX","original","","","2025-01-22","73C32F1314E73F011C77C575D51AEC9E1DD674876DD715C073BD2AFBA96ABFAD","intern","inventerad"
"SRC-00059","Flik 7 Arbetsmiljöplan.docx","see archive","originals\kvalitetsdokument\Byggpärm\Flik 7 Arbetsmiljöplan\Flik 7 Arbetsmiljöplan.docx","DOCX","original","","","2025-01-22","1AF992DFF0D4C0DDE840C2814AC1BF08EEAC388AE2B48A7BBCEDEF6A9E60CF53","intern","inventerad"
"SRC-00060","Flik 8 Miljöanalys.docx","see archive","originals\kvalitetsdokument\Byggpärm\Flik 8 Miljöanalys\Flik 8 Miljöanalys.docx","DOCX","original","","","2025-01-22","E98C023893D3A17BDB057F3DDE40CB3D898FDCC306B5E83DB723E365B7E508A9","intern","inventerad"
"SRC-00061","Flik 9 Rivningsplan.docx","see archive","originals\kvalitetsdokument\Byggpärm\Flik 9 Rivningsplan\Flik 9 Rivningsplan.docx","DOCX","original","","","2025-01-22","A5C87FD86EF65F2D16F4D9C54CB2E3542040451134617828A87A11F3CDB3BDAF","intern","inventerad"
"SRC-00062","Blanketter, checklistor och mallar.docx","see archive","originals\kvalitetsdokument\Kvalitetssakring_inom_bygg\Kvalitetssäkring inom bygg\Blanketter, checklistor och mallar.docx","DOCX","original","","","2016-10-10","5B62B26FCF5A1DFA09DA59A652F0163569066F27B542D746E22C40C1739125FD","intern","inventerad"
"SRC-00063","Byggpärm dokument mall.dotx.docx","see archive","originals\kvalitetsdokument\Kvalitetssakring_inom_bygg\Kvalitetssäkring inom bygg\Byggpärm dokument mall.dotx.docx","DOCX","original","","","2016-10-09","AA2CD0C87E7FB8912527F8E90351BFB9CB912D81FBA8D850A14B5C4822F27DDF","intern","inventerad"
"SRC-00064","Försättsblad.docx","see archive","originals\kvalitetsdokument\Kvalitetssakring_inom_bygg\Kvalitetssäkring inom bygg\Försättsblad.docx","DOCX","original","","","2016-10-18","1E6377BE686999F12406D87698B01CF506A63B5D3F28D2A4484789FB62331B0F","intern","inventerad"
"SRC-00065","Innehållsförteckning för byggpärm.docx","see archive","originals\kvalitetsdokument\Kvalitetssakring_inom_bygg\Kvalitetssäkring inom bygg\Innehållsförteckning för byggpärm.docx","DOCX","original","","","2016-10-09","9E3062D85104AABA410D3B9B4C127BDA5C6DEF84DAB2CC607A9D2B62DEAD7949","intern","inventerad"
"SRC-00066","Vägledning ISO 9001_2015.docx","see archive","originals\kvalitetsdokument\Kvalitetssakring_inom_bygg\Kvalitetssäkring inom bygg\Vägledning ISO 9001_2015.docx","DOCX","original","","","2016-10-18","F7E3FF81DF07B1A715A95B077F0993AA251B0C2B9BE82291F53646E1E62CEA59","intern","inventerad"
"SRC-00067","Kvalitetsmanual - ISO 9001_2015.docx","see archive","originals\kvalitetsdokument\Kvalitetssakring_inom_bygg\Kvalitetssäkring inom bygg\Flik 0 Kvalitetsmanual för bygg\Kvalitetsmanual - ISO 9001_2015.docx","DOCX","original","","","2016-10-24","5BB6FCE4457C6861E1E1C65F2ED076A07A00058EB57D4756D81DEEECE6F4BCD4","intern","inventerad"
"SRC-00068","Flik 1 Projektbeskrivning.docx","see archive","originals\kvalitetsdokument\Kvalitetssakring_inom_bygg\Kvalitetssäkring inom bygg\Flik 1 Projektbeskrivning\Flik 1 Projektbeskrivning.docx","DOCX","original","","","2016-10-09","437CBAC2C972A4C55A575C168CE0EF18E84779EC9C46DD5278B911F8FB6D0B5B","intern","inventerad"
"SRC-00069","Flik 10 Protokoll - byggmöte mm.docx","see archive","originals\kvalitetsdokument\Kvalitetssakring_inom_bygg\Kvalitetssäkring inom bygg\Flik 10 Protokoll - byggmöte mm\Flik 10 Protokoll - byggmöte mm.docx","DOCX","original","","","2016-10-09","5B8E813A788BE6A1652FB923CC929C0F59E4F769602364A586487F67AA7DD877","intern","inventerad"
"SRC-00070","Flik 11 Bygghandlingar relationsritningar för projektett.docx","see archive","originals\kvalitetsdokument\Kvalitetssakring_inom_bygg\Kvalitetssäkring inom bygg\Flik 11 Bygghandlingar relationsritningar för projektet\Flik 11 Bygghandlingar relationsritningar för projektett.docx","DOCX","original","","","2016-10-09","FE7FAA9C23CBA4BB2714E31AA085ECA5D47C1E878A9C0586E10E78E24BE0676D","intern","inventerad"
"SRC-00071","Flik 12 Kontrollplan.docx","see archive","originals\kvalitetsdokument\Kvalitetssakring_inom_bygg\Kvalitetssäkring inom bygg\Flik 12 Kontrollplan\Flik 12 Kontrollplan.docx","DOCX","original","","","2016-10-18","6E5985E9A6D51CC6A967B084C983B011392CF6091D64CA092010C21199B976A9","intern","inventerad"
"SRC-00072","Flik 13 - Egenkontroll - mall.docx","see archive","originals\kvalitetsdokument\Kvalitetssakring_inom_bygg\Kvalitetssäkring inom bygg\Flik 13 Egenkontroller\Flik 13 - Egenkontroll - mall.docx","DOCX","original","","","2016-10-09","12DC62A3217B253A41F793E598263DED12D7DE1F96B31E3E5B3FBD94DAE8B6E7","intern","inventerad"
"SRC-00073","Flik 13 -1 Egenkontroll  Administration.docx","see archive","originals\kvalitetsdokument\Kvalitetssakring_inom_bygg\Kvalitetssäkring inom bygg\Flik 13 Egenkontroller\Flik 13 -1 Egenkontroll  Administration.docx","DOCX","original","","","2016-10-09","8F71410905CAA3CC53A1A9E981E6F3830D6FEEADA21836F1375CCE6F26FAECBE","intern","inventerad"
"SRC-00074","Flik 13 -2 Egenkontroll  kvalitetsplan.docx","see archive","originals\kvalitetsdokument\Kvalitetssakring_inom_bygg\Kvalitetssäkring inom bygg\Flik 13 Egenkontroller\Flik 13 -2 Egenkontroll  kvalitetsplan.docx","DOCX","original","","","2016-10-09","DE8764B0DB0EE8E511B4B67A0231E6C3D6880CC384D1D990AE98622CB1BDB63D","intern","inventerad"
"SRC-00075","Flik 13 -3 Egenkontroll  miljöplan.docx","see archive","originals\kvalitetsdokument\Kvalitetssakring_inom_bygg\Kvalitetssäkring inom bygg\Flik 13 Egenkontroller\Flik 13 -3 Egenkontroll  miljöplan.docx","DOCX","original","","","2016-10-09","16E856A81566C928F02059E0E3ACCAF2ABF3C7325DA5D50A1320905035DC08E1","intern","inventerad"
"SRC-00076","Flik 13 -4  Egenkontroll  arbetsmiljöplan.docx","see archive","originals\kvalitetsdokument\Kvalitetssakring_inom_bygg\Kvalitetssäkring inom bygg\Flik 13 Egenkontroller\Flik 13 -4  Egenkontroll  arbetsmiljöplan.docx","DOCX","original","","","2016-10-09","7EB479488A0619E6FE8BDDC2503CB4D1DD2D40CC4406A5E058158831EC975CA5","intern","inventerad"
"SRC-00077","Flik 13 -5 Egenkontroll  personal.docx","see archive","originals\kvalitetsdokument\Kvalitetssakring_inom_bygg\Kvalitetssäkring inom bygg\Flik 13 Egenkontroller\Flik 13 -5 Egenkontroll  personal.docx","DOCX","original","","","2016-10-09","40143BE2ECCB0A1BCFC84098852E29AA1513350FA8F457CCBFE26C342836F10F","intern","inventerad"
"SRC-00078","Flik 13 -6 Uppföljning arbetsmiljö.docx","see archive","originals\kvalitetsdokument\Kvalitetssakring_inom_bygg\Kvalitetssäkring inom bygg\Flik 13 Egenkontroller\Flik 13 -6 Uppföljning arbetsmiljö.docx","DOCX","original","","","2016-10-09","A65675BF5BAC7E14572402CA497C7B63EA026C77E659859EE148D8ED8886D761","intern","inventerad"
"SRC-00079","Flik 13 -7 Uppföljning kvalitetsplanen.docx","see archive","originals\kvalitetsdokument\Kvalitetssakring_inom_bygg\Kvalitetssäkring inom bygg\Flik 13 Egenkontroller\Flik 13 -7 Uppföljning kvalitetsplanen.docx","DOCX","original","","","2016-10-09","BA38096A7E00476618AA09E0B2450DD83473E6DDE379A8071A0E54F593FF87E7","intern","inventerad"
"SRC-00080","Flik 13 -8 Egenkontroll Ankommande gods.docx","see archive","originals\kvalitetsdokument\Kvalitetssakring_inom_bygg\Kvalitetssäkring inom bygg\Flik 13 Egenkontroller\Flik 13 -8 Egenkontroll Ankommande gods.docx","DOCX","original","","","2016-10-09","0396B5E9F743EFACEA01CA00AA3EC6D3186911D119963CF9271C2DF25D3743F3","intern","inventerad"
"SRC-00081","Flik 14 Egenkontroller från underentreprenörer.docx","see archive","originals\kvalitetsdokument\Kvalitetssakring_inom_bygg\Kvalitetssäkring inom bygg\Flik 14 Egenkontroller från underentreprenörer\Flik 14 Egenkontroller från underentreprenörer.docx","DOCX","original","","","2016-10-09","B1E7AB89A1945104623A47F82903CA94A5039726C8B9695D1C634E09ADD1334A","intern","inventerad"
"SRC-00082","Flik 15 Inventering av maskiner för underleverantörer.docx","see archive","originals\kvalitetsdokument\Kvalitetssakring_inom_bygg\Kvalitetssäkring inom bygg\Flik 15 Inventering av maskiner för underleverantörer\Flik 15 Inventering av maskiner för underleverantörer.docx","DOCX","original","","","2016-10-09","030A57A00F000ABD00784EBA84C020D8E37562CFDB50824AC02FB600A631F89F","intern","inventerad"
"SRC-00083","Flik 16 Avvikelserapport.docx","see archive","originals\kvalitetsdokument\Kvalitetssakring_inom_bygg\Kvalitetssäkring inom bygg\Flik 16 ÄTA\Flik 16 Avvikelserapport.docx","DOCX","original","","","2016-10-09","0331CB342C65BA70ABFF454A359190E38139EB11690B34104ECF6734912AD1EB","intern","inventerad"
"SRC-00084","Flik 16 ÄTA.docx","see archive","originals\kvalitetsdokument\Kvalitetssakring_inom_bygg\Kvalitetssäkring inom bygg\Flik 16 ÄTA\Flik 16 ÄTA.docx","DOCX","original","","","2016-10-09","C0F30B62A9A1A7409CD31874BEE78DA97CBE96141351C7A17BCD4310461C4725","intern","inventerad"
"SRC-00085","Flik 17 Säkerhetsdatablad för projektet.docx","see archive","originals\kvalitetsdokument\Kvalitetssakring_inom_bygg\Kvalitetssäkring inom bygg\Flik 17 Säkerhetsdatablad för projektet\Flik 17 Säkerhetsdatablad för projektet.docx","DOCX","original","","","2016-10-09","BC0F76A9B236C8E8C709924132BFDD190F13864EEEB9B7CEE5FB86D8FDC7EEBD","intern","inventerad"
"SRC-00086","Flik 18 Nödlägesberedskap.docx","see archive","originals\kvalitetsdokument\Kvalitetssakring_inom_bygg\Kvalitetssäkring inom bygg\Flik 18 Nödlägesberedskap\Flik 18 Nödlägesberedskap.docx","DOCX","original","","","2016-10-09","1E0A510B5A030F762B7458C24C7334199F126A7224D3F26AE3B5932F075B8F37","intern","inventerad"
"SRC-00087","Flik 19 Anhöriglista.docx","see archive","originals\kvalitetsdokument\Kvalitetssakring_inom_bygg\Kvalitetssäkring inom bygg\Flik 19 Anhöriglista\Flik 19 Anhöriglista.docx","DOCX","original","","","2016-10-09","EB13E43555D5E050E13C41F34F9019A520FF0A0F9BE4507F187DFC5980C73988","intern","inventerad"
"SRC-00088","Flik 2  Företagsinformation.docx","see archive","originals\kvalitetsdokument\Kvalitetssakring_inom_bygg\Kvalitetssäkring inom bygg\Flik 2 Organisation\Flik 2  Företagsinformation.docx","DOCX","original","","","2016-10-09","767383D328AF9DD6C7E839416FA38001F4A7AF5270222C34D3E1AC8BE8BF4450","intern","inventerad"
"SRC-00089","Flik 2 Projektorganisation.docx","see archive","originals\kvalitetsdokument\Kvalitetssakring_inom_bygg\Kvalitetssäkring inom bygg\Flik 2 Organisation\Flik 2 Projektorganisation.docx","DOCX","original","","","2016-10-09","46099005C6166B784078B50CCDAB1983CB0E2DA53BFF3DE94D9702AF02546D73","intern","inventerad"
"SRC-00090","Flik 20 Krisberedskap.docx","see archive","originals\kvalitetsdokument\Kvalitetssakring_inom_bygg\Kvalitetssäkring inom bygg\Flik 20 Krisberedskap\Flik 20 Krisberedskap.docx","DOCX","original","","","2016-10-09","812DA7894CAAC405364D281D2E4CC4A6DC056B63875D378FF99563C39A725F7A","intern","inventerad"
"SRC-00091","Flik 21 Skydds- och miljörond.docx","see archive","originals\kvalitetsdokument\Kvalitetssakring_inom_bygg\Kvalitetssäkring inom bygg\Flik 21 Skydds- och miljörond\Flik 21 Skydds- och miljörond.docx","DOCX","original","","","2016-10-18","81797420981FFE8CB0405BC11655D729780BF8A861BF7AB869E5227996C8751A","intern","inventerad"
"SRC-00092","Flik 22 Ekonomi, betalningsplan.docx","see archive","originals\kvalitetsdokument\Kvalitetssakring_inom_bygg\Kvalitetssäkring inom bygg\Flik 22 Ekonomi, betalningsplan\Flik 22 Ekonomi, betalningsplan.docx","DOCX","original","","","2016-10-09","B1FCCB93C2F2B6DC287A20CE5C94957FDE76C4A999A4E920B13DB6A0EE625807","intern","inventerad"
"SRC-00093","Flik 23 Försbesiktning.docx","see archive","originals\kvalitetsdokument\Kvalitetssakring_inom_bygg\Kvalitetssäkring inom bygg\Flik 23 Förbesiktning\Flik 23 Försbesiktning.docx","DOCX","original","","","2016-10-09","DBA849F4944E732359AB36B7C3E03AB81F11C90872670432B38AAFEF492A2E75","intern","inventerad"
"SRC-00094","Flik 24 Slutbesiktningsprotokoll.docx","see archive","originals\kvalitetsdokument\Kvalitetssakring_inom_bygg\Kvalitetssäkring inom bygg\Flik 24 Slutbesiktningsprotokoll\Flik 24 Slutbesiktningsprotokoll.docx","DOCX","original","","","2016-10-09","F77130A1C2CD757B884CB73ABAFEF80C6CA8824C9D915A2860E5264C4CDAE13B","intern","inventerad"
"SRC-00095","Flik 25 - Uppföljning Arbetsmiljö.docx","see archive","originals\kvalitetsdokument\Kvalitetssakring_inom_bygg\Kvalitetssäkring inom bygg\Flik 25 Uppföljning Arbetsmiljö\Flik 25 - Uppföljning Arbetsmiljö.docx","DOCX","original","","","2016-10-09","FA462FF3F7D5DFBC98940856806602243F5464EBF04DFF14311FE7D1C413514B","intern","inventerad"
"SRC-00096","Flik 26 - Uppföljning Kvalitet.docx","see archive","originals\kvalitetsdokument\Kvalitetssakring_inom_bygg\Kvalitetssäkring inom bygg\Flik 26 Uppföljning Kvalitet\Flik 26 - Uppföljning Kvalitet.docx","DOCX","original","","","2016-10-09","ACDD4806B458AAED6E8ADE93E5219DE066C6005E8647DEEEC027F963C911C976","intern","inventerad"
"SRC-00097","Flik 27 Uppföljning Miljö.docx","see archive","originals\kvalitetsdokument\Kvalitetssakring_inom_bygg\Kvalitetssäkring inom bygg\Flik 27 Uppföljning Miljö\Flik 27 Uppföljning Miljö.docx","DOCX","original","","","2016-10-09","7BEA142CA5267E5E8825E4FB3DD839ADCA7843D4850D92DE9EFAD40C0EA82590","intern","inventerad"
"SRC-00098","Flik 28 Riskbedömning Arbetsmiljö.docx","see archive","originals\kvalitetsdokument\Kvalitetssakring_inom_bygg\Kvalitetssäkring inom bygg\Flik 28 Riskbedömning  Lagar för projektet\Flik 28 Riskbedömning Arbetsmiljö.docx","DOCX","original","","","2016-10-18","6A87A42DCFDCAD04C9EBA2CF12AD11FC8AF0F2FBCE0DDC4434BC942105B1D75F","intern","inventerad"
"SRC-00099","Blankett för kvittering anställda & underleverantörer.docx","see archive","originals\kvalitetsdokument\Kvalitetssakring_inom_bygg\Kvalitetssäkring inom bygg\Flik 29 Kvitteringslistor för anställda och underleverantörer\Blankett för kvittering anställda & underleverantörer.docx","DOCX","original","","","2016-10-09","6C185A8D741B8B3378499E2E28314CDBDF66A2EFA80A9E3A0A5AD51C05AAD29C","intern","inventerad"
"SRC-00100","Flik 3 Beställarens organisation.docx","see archive","originals\kvalitetsdokument\Kvalitetssakring_inom_bygg\Kvalitetssäkring inom bygg\Flik 3 Beställarens organisation\Flik 3 Beställarens organisation.docx","DOCX","original","","","2016-10-09","30B4A5E642C918CB8405E8AF5F4C736474D9B79E28C4CB08156A1B4335D7CCB1","intern","inventerad"
"SRC-00101","Flik 30 Checklista byggpärm.docx","see archive","originals\kvalitetsdokument\Kvalitetssakring_inom_bygg\Kvalitetssäkring inom bygg\Flik 30 Checklista byggpärm\Flik 30 Checklista byggpärm.docx","DOCX","original","","","2016-10-09","0A4A50C8F66DE6BB949FF0E980F264F703F4808FE52765CF741A7E2814E4D3DE","intern","inventerad"
"SRC-00102","Flik 31 Distribution och signering av byggpärmen.docx","see archive","originals\kvalitetsdokument\Kvalitetssakring_inom_bygg\Kvalitetssäkring inom bygg\Flik 31 Distribution och signering av byggpärmen\Flik 31 Distribution och signering av byggpärmen.docx","DOCX","original","","","2016-10-09","4B103CD4A6E5B1466E36C6F0C960BD13E5A210A246B079521B096522984625CB","intern","inventerad"
"SRC-00103","Flik 4 Underleverantörer (organisation).docx","see archive","originals\kvalitetsdokument\Kvalitetssakring_inom_bygg\Kvalitetssäkring inom bygg\Flik 4 Underleverantörer (organisation)\Flik 4 Underleverantörer (organisation).docx","DOCX","original","","","2016-10-09","0650348F8E282E90C9AB5B1F708554DFD1CA7A62E8DBABB649B3F5447E3EF51D","intern","inventerad"
"SRC-00104","Flik 5 Kvalitetsplan.docx","see archive","originals\kvalitetsdokument\Kvalitetssakring_inom_bygg\Kvalitetssäkring inom bygg\Flik 5 Kvalitetsplan\Flik 5 Kvalitetsplan.docx","DOCX","original","","","2016-10-18","D7300004324CA09F0A163BACD915EA2B3F41E08C7BE242C44FC7D0E10E3C0B14","intern","inventerad"
"SRC-00105","Flik 6 Miljöplan.docx","see archive","originals\kvalitetsdokument\Kvalitetssakring_inom_bygg\Kvalitetssäkring inom bygg\Flik 6 Miljöplan\Flik 6 Miljöplan.docx","DOCX","original","","","2016-10-18","9732CDD1F0F804472C02AE8E282CD103826C4317CAF740DC2D5750CF5C05804F","intern","inventerad"
"SRC-00106","Flik 7 Arbetsmiljöplan.docx","see archive","originals\kvalitetsdokument\Kvalitetssakring_inom_bygg\Kvalitetssäkring inom bygg\Flik 7 Arbetsmiljöplan\Flik 7 Arbetsmiljöplan.docx","DOCX","original","","","2016-10-18","E40F561A2E370CA776B129AF066D0439F5E1862A7D3A98E6F8BDE2AEF177C1E2","intern","inventerad"
"SRC-00107","Flik 8 Miljöanalys.docx","see archive","originals\kvalitetsdokument\Kvalitetssakring_inom_bygg\Kvalitetssäkring inom bygg\Flik 8 Miljöanalys\Flik 8 Miljöanalys.docx","DOCX","original","","","2016-10-09","311B7A175CA8D6B09F3149A4C7BD1305BDD14D98EE30D513F15279237237623D","intern","inventerad"
"SRC-00108","Flik 9 Rivningsplan.docx","see archive","originals\kvalitetsdokument\Kvalitetssakring_inom_bygg\Kvalitetssäkring inom bygg\Flik 9 Rivningsplan\Flik 9 Rivningsplan.docx","DOCX","original","","","2016-10-09","FA3B5571D68C9896095790EF805C05154C72694886F86816CFC43398CC3D9595","intern","inventerad"
"SRC-00109","Blanketter, checklistor och mallar.docx","see archive","originals\kvalitetsdokument\Kvalitet_och_miljo_inom_bygg\Kvalitet och miljö inom bygg\Blanketter, checklistor och mallar.docx","DOCX","original","","","2016-10-10","5B62B26FCF5A1DFA09DA59A652F0163569066F27B542D746E22C40C1739125FD","intern","inventerad"
"SRC-00110","Byggpärm dokument mall.dotx.docx","see archive","originals\kvalitetsdokument\Kvalitet_och_miljo_inom_bygg\Kvalitet och miljö inom bygg\Byggpärm dokument mall.dotx.docx","DOCX","original","","","2016-10-09","AA2CD0C87E7FB8912527F8E90351BFB9CB912D81FBA8D850A14B5C4822F27DDF","intern","inventerad"
"SRC-00111","Försättsblad.docx","see archive","originals\kvalitetsdokument\Kvalitet_och_miljo_inom_bygg\Kvalitet och miljö inom bygg\Försättsblad.docx","DOCX","original","","","2016-10-18","1E6377BE686999F12406D87698B01CF506A63B5D3F28D2A4484789FB62331B0F","intern","inventerad"
"SRC-00112","Innehållsförteckning för byggpärm.docx","see archive","originals\kvalitetsdokument\Kvalitet_och_miljo_inom_bygg\Kvalitet och miljö inom bygg\Innehållsförteckning för byggpärm.docx","DOCX","original","","","2016-10-09","9E3062D85104AABA410D3B9B4C127BDA5C6DEF84DAB2CC607A9D2B62DEAD7949","intern","inventerad"
"SRC-00113","Vägledning Kvalitets- och miljömanual.docx","see archive","originals\kvalitetsdokument\Kvalitet_och_miljo_inom_bygg\Kvalitet och miljö inom bygg\Vägledning Kvalitets- och miljömanual.docx","DOCX","original","","","2016-10-18","E0979D7A45A4E2347DECF212A753E56C1CE6A6B821AF849BE320ED9D7D766E18","intern","inventerad"
"SRC-00114","0 Kvalitets- och miljömanual.docx","see archive","originals\kvalitetsdokument\Kvalitet_och_miljo_inom_bygg\Kvalitet och miljö inom bygg\Flik 0 Integrerad manual för bygg\0 Kvalitets- och miljömanual.docx","DOCX","original","","","2016-10-28","128F0E758B66F093AC6FA12060E20ADB25CEC83723A583E74DF253EA74E9DDB8","intern","inventerad"
"SRC-00115","Flik 1 Projektbeskrivning.docx","see archive","originals\kvalitetsdokument\Kvalitet_och_miljo_inom_bygg\Kvalitet och miljö inom bygg\Flik 1 Projektbeskrivning\Flik 1 Projektbeskrivning.docx","DOCX","original","","","2016-10-09","437CBAC2C972A4C55A575C168CE0EF18E84779EC9C46DD5278B911F8FB6D0B5B","intern","inventerad"
"SRC-00116","Flik 10 Protokoll - byggmöte mm.docx","see archive","originals\kvalitetsdokument\Kvalitet_och_miljo_inom_bygg\Kvalitet och miljö inom bygg\Flik 10 Protokoll - byggmöte mm\Flik 10 Protokoll - byggmöte mm.docx","DOCX","original","","","2016-10-09","5B8E813A788BE6A1652FB923CC929C0F59E4F769602364A586487F67AA7DD877","intern","inventerad"
"SRC-00117","Flik 11 Bygghandlingar relationsritningar för projektett.docx","see archive","originals\kvalitetsdokument\Kvalitet_och_miljo_inom_bygg\Kvalitet och miljö inom bygg\Flik 11 Bygghandlingar relationsritningar för projektet\Flik 11 Bygghandlingar relationsritningar för projektett.docx","DOCX","original","","","2016-10-09","FE7FAA9C23CBA4BB2714E31AA085ECA5D47C1E878A9C0586E10E78E24BE0676D","intern","inventerad"
"SRC-00118","Flik 12 Kontrollplan.docx","see archive","originals\kvalitetsdokument\Kvalitet_och_miljo_inom_bygg\Kvalitet och miljö inom bygg\Flik 12 Kontrollplan\Flik 12 Kontrollplan.docx","DOCX","original","","","2016-10-18","6E5985E9A6D51CC6A967B084C983B011392CF6091D64CA092010C21199B976A9","intern","inventerad"
"SRC-00119","Flik 13 - Egenkontroll - mall.docx","see archive","originals\kvalitetsdokument\Kvalitet_och_miljo_inom_bygg\Kvalitet och miljö inom bygg\Flik 13 Egenkontroller\Flik 13 - Egenkontroll - mall.docx","DOCX","original","","","2016-10-09","12DC62A3217B253A41F793E598263DED12D7DE1F96B31E3E5B3FBD94DAE8B6E7","intern","inventerad"
"SRC-00120","Flik 13 -1 Egenkontroll  Administration.docx","see archive","originals\kvalitetsdokument\Kvalitet_och_miljo_inom_bygg\Kvalitet och miljö inom bygg\Flik 13 Egenkontroller\Flik 13 -1 Egenkontroll  Administration.docx","DOCX","original","","","2016-10-09","8F71410905CAA3CC53A1A9E981E6F3830D6FEEADA21836F1375CCE6F26FAECBE","intern","inventerad"
"SRC-00121","Flik 13 -2 Egenkontroll  kvalitetsplan.docx","see archive","originals\kvalitetsdokument\Kvalitet_och_miljo_inom_bygg\Kvalitet och miljö inom bygg\Flik 13 Egenkontroller\Flik 13 -2 Egenkontroll  kvalitetsplan.docx","DOCX","original","","","2016-10-09","DE8764B0DB0EE8E511B4B67A0231E6C3D6880CC384D1D990AE98622CB1BDB63D","intern","inventerad"
"SRC-00122","Flik 13 -3 Egenkontroll  miljöplan.docx","see archive","originals\kvalitetsdokument\Kvalitet_och_miljo_inom_bygg\Kvalitet och miljö inom bygg\Flik 13 Egenkontroller\Flik 13 -3 Egenkontroll  miljöplan.docx","DOCX","original","","","2016-10-09","16E856A81566C928F02059E0E3ACCAF2ABF3C7325DA5D50A1320905035DC08E1","intern","inventerad"
"SRC-00123","Flik 13 -4  Egenkontroll  arbetsmiljöplan.docx","see archive","originals\kvalitetsdokument\Kvalitet_och_miljo_inom_bygg\Kvalitet och miljö inom bygg\Flik 13 Egenkontroller\Flik 13 -4  Egenkontroll  arbetsmiljöplan.docx","DOCX","original","","","2016-10-09","7EB479488A0619E6FE8BDDC2503CB4D1DD2D40CC4406A5E058158831EC975CA5","intern","inventerad"
"SRC-00124","Flik 13 -5 Egenkontroll  personal.docx","see archive","originals\kvalitetsdokument\Kvalitet_och_miljo_inom_bygg\Kvalitet och miljö inom bygg\Flik 13 Egenkontroller\Flik 13 -5 Egenkontroll  personal.docx","DOCX","original","","","2016-10-09","40143BE2ECCB0A1BCFC84098852E29AA1513350FA8F457CCBFE26C342836F10F","intern","inventerad"
"SRC-00125","Flik 13 -6 Uppföljning arbetsmiljö.docx","see archive","originals\kvalitetsdokument\Kvalitet_och_miljo_inom_bygg\Kvalitet och miljö inom bygg\Flik 13 Egenkontroller\Flik 13 -6 Uppföljning arbetsmiljö.docx","DOCX","original","","","2016-10-09","A65675BF5BAC7E14572402CA497C7B63EA026C77E659859EE148D8ED8886D761","intern","inventerad"
"SRC-00126","Flik 13 -7 Uppföljning kvalitetsplanen.docx","see archive","originals\kvalitetsdokument\Kvalitet_och_miljo_inom_bygg\Kvalitet och miljö inom bygg\Flik 13 Egenkontroller\Flik 13 -7 Uppföljning kvalitetsplanen.docx","DOCX","original","","","2016-10-09","BA38096A7E00476618AA09E0B2450DD83473E6DDE379A8071A0E54F593FF87E7","intern","inventerad"
"SRC-00127","Flik 13 -8 Egenkontroll Ankommande gods.docx","see archive","originals\kvalitetsdokument\Kvalitet_och_miljo_inom_bygg\Kvalitet och miljö inom bygg\Flik 13 Egenkontroller\Flik 13 -8 Egenkontroll Ankommande gods.docx","DOCX","original","","","2016-10-09","0396B5E9F743EFACEA01CA00AA3EC6D3186911D119963CF9271C2DF25D3743F3","intern","inventerad"
"SRC-00128","Flik 14 Egenkontroller från underentreprenörer.docx","see archive","originals\kvalitetsdokument\Kvalitet_och_miljo_inom_bygg\Kvalitet och miljö inom bygg\Flik 14 Egenkontroller från underentreprenörer\Flik 14 Egenkontroller från underentreprenörer.docx","DOCX","original","","","2016-10-09","B1E7AB89A1945104623A47F82903CA94A5039726C8B9695D1C634E09ADD1334A","intern","inventerad"
"SRC-00129","Flik 15 Inventering av maskiner för underleverantörer.docx","see archive","originals\kvalitetsdokument\Kvalitet_och_miljo_inom_bygg\Kvalitet och miljö inom bygg\Flik 15 Inventering av maskiner för underleverantörer\Flik 15 Inventering av maskiner för underleverantörer.docx","DOCX","original","","","2016-10-09","030A57A00F000ABD00784EBA84C020D8E37562CFDB50824AC02FB600A631F89F","intern","inventerad"
"SRC-00130","Flik 16 Avvikelserapport.docx","see archive","originals\kvalitetsdokument\Kvalitet_och_miljo_inom_bygg\Kvalitet och miljö inom bygg\Flik 16 ÄTA\Flik 16 Avvikelserapport.docx","DOCX","original","","","2016-10-09","0331CB342C65BA70ABFF454A359190E38139EB11690B34104ECF6734912AD1EB","intern","inventerad"
"SRC-00131","Flik 16 ÄTA.docx","see archive","originals\kvalitetsdokument\Kvalitet_och_miljo_inom_bygg\Kvalitet och miljö inom bygg\Flik 16 ÄTA\Flik 16 ÄTA.docx","DOCX","original","","","2016-10-09","C0F30B62A9A1A7409CD31874BEE78DA97CBE96141351C7A17BCD4310461C4725","intern","inventerad"
"SRC-00132","Flik 17 Säkerhetsdatablad för projektet.docx","see archive","originals\kvalitetsdokument\Kvalitet_och_miljo_inom_bygg\Kvalitet och miljö inom bygg\Flik 17 Säkerhetsdatablad för projektet\Flik 17 Säkerhetsdatablad för projektet.docx","DOCX","original","","","2016-10-09","BC0F76A9B236C8E8C709924132BFDD190F13864EEEB9B7CEE5FB86D8FDC7EEBD","intern","inventerad"
"SRC-00133","Flik 18 Nödlägesberedskap.docx","see archive","originals\kvalitetsdokument\Kvalitet_och_miljo_inom_bygg\Kvalitet och miljö inom bygg\Flik 18 Nödlägesberedskap\Flik 18 Nödlägesberedskap.docx","DOCX","original","","","2016-10-09","1E0A510B5A030F762B7458C24C7334199F126A7224D3F26AE3B5932F075B8F37","intern","inventerad"
"SRC-00134","Flik 19 Anhöriglista.docx","see archive","originals\kvalitetsdokument\Kvalitet_och_miljo_inom_bygg\Kvalitet och miljö inom bygg\Flik 19 Anhöriglista\Flik 19 Anhöriglista.docx","DOCX","original","","","2016-10-09","EB13E43555D5E050E13C41F34F9019A520FF0A0F9BE4507F187DFC5980C73988","intern","inventerad"
"SRC-00135","Flik 2  Företagsinformation.docx","see archive","originals\kvalitetsdokument\Kvalitet_och_miljo_inom_bygg\Kvalitet och miljö inom bygg\Flik 2 Organisation\Flik 2  Företagsinformation.docx","DOCX","original","","","2016-10-09","767383D328AF9DD6C7E839416FA38001F4A7AF5270222C34D3E1AC8BE8BF4450","intern","inventerad"
"SRC-00136","Flik 2 Projektorganisation.docx","see archive","originals\kvalitetsdokument\Kvalitet_och_miljo_inom_bygg\Kvalitet och miljö inom bygg\Flik 2 Organisation\Flik 2 Projektorganisation.docx","DOCX","original","","","2016-10-09","46099005C6166B784078B50CCDAB1983CB0E2DA53BFF3DE94D9702AF02546D73","intern","inventerad"
"SRC-00137","Flik 20 Krisberedskap.docx","see archive","originals\kvalitetsdokument\Kvalitet_och_miljo_inom_bygg\Kvalitet och miljö inom bygg\Flik 20 Krisberedskap\Flik 20 Krisberedskap.docx","DOCX","original","","","2016-10-09","812DA7894CAAC405364D281D2E4CC4A6DC056B63875D378FF99563C39A725F7A","intern","inventerad"
"SRC-00138","Flik 21 Skydds- och miljörond.docx","see archive","originals\kvalitetsdokument\Kvalitet_och_miljo_inom_bygg\Kvalitet och miljö inom bygg\Flik 21 Skydds- och miljörond\Flik 21 Skydds- och miljörond.docx","DOCX","original","","","2016-10-18","81797420981FFE8CB0405BC11655D729780BF8A861BF7AB869E5227996C8751A","intern","inventerad"
"SRC-00139","Flik 22 Ekonomi, betalningsplan.docx","see archive","originals\kvalitetsdokument\Kvalitet_och_miljo_inom_bygg\Kvalitet och miljö inom bygg\Flik 22 Ekonomi, betalningsplan\Flik 22 Ekonomi, betalningsplan.docx","DOCX","original","","","2016-10-09","B1FCCB93C2F2B6DC287A20CE5C94957FDE76C4A999A4E920B13DB6A0EE625807","intern","inventerad"
"SRC-00140","Flik 23 Försbesiktning.docx","see archive","originals\kvalitetsdokument\Kvalitet_och_miljo_inom_bygg\Kvalitet och miljö inom bygg\Flik 23 Förbesiktning\Flik 23 Försbesiktning.docx","DOCX","original","","","2016-10-09","DBA849F4944E732359AB36B7C3E03AB81F11C90872670432B38AAFEF492A2E75","intern","inventerad"
"SRC-00141","Flik 24 Slutbesiktningsprotokoll.docx","see archive","originals\kvalitetsdokument\Kvalitet_och_miljo_inom_bygg\Kvalitet och miljö inom bygg\Flik 24 Slutbesiktningsprotokoll\Flik 24 Slutbesiktningsprotokoll.docx","DOCX","original","","","2016-10-09","F77130A1C2CD757B884CB73ABAFEF80C6CA8824C9D915A2860E5264C4CDAE13B","intern","inventerad"
"SRC-00142","Flik 25 - Uppföljning Arbetsmiljö.docx","see archive","originals\kvalitetsdokument\Kvalitet_och_miljo_inom_bygg\Kvalitet och miljö inom bygg\Flik 25 Uppföljning Arbetsmiljö\Flik 25 - Uppföljning Arbetsmiljö.docx","DOCX","original","","","2016-10-09","FA462FF3F7D5DFBC98940856806602243F5464EBF04DFF14311FE7D1C413514B","intern","inventerad"
"SRC-00143","Flik 26 - Uppföljning Kvalitet.docx","see archive","originals\kvalitetsdokument\Kvalitet_och_miljo_inom_bygg\Kvalitet och miljö inom bygg\Flik 26 Uppföljning Kvalitet\Flik 26 - Uppföljning Kvalitet.docx","DOCX","original","","","2016-10-09","ACDD4806B458AAED6E8ADE93E5219DE066C6005E8647DEEEC027F963C911C976","intern","inventerad"
"SRC-00144","Flik 27 Uppföljning Miljö.docx","see archive","originals\kvalitetsdokument\Kvalitet_och_miljo_inom_bygg\Kvalitet och miljö inom bygg\Flik 27 Uppföljning Miljö\Flik 27 Uppföljning Miljö.docx","DOCX","original","","","2016-10-09","7BEA142CA5267E5E8825E4FB3DD839ADCA7843D4850D92DE9EFAD40C0EA82590","intern","inventerad"
"SRC-00145","Flik 28 Riskbedömning Arbetsmiljö.docx","see archive","originals\kvalitetsdokument\Kvalitet_och_miljo_inom_bygg\Kvalitet och miljö inom bygg\Flik 28 Riskbedömning  Lagar för projektet\Flik 28 Riskbedömning Arbetsmiljö.docx","DOCX","original","","","2016-10-18","6A87A42DCFDCAD04C9EBA2CF12AD11FC8AF0F2FBCE0DDC4434BC942105B1D75F","intern","inventerad"
"SRC-00146","Blankett för kvittering anställda & underleverantörer.docx","see archive","originals\kvalitetsdokument\Kvalitet_och_miljo_inom_bygg\Kvalitet och miljö inom bygg\Flik 29 Kvitteringslistor för anställda och underleverantörer\Blankett för kvittering anställda & underleverantörer.docx","DOCX","original","","","2016-10-09","6C185A8D741B8B3378499E2E28314CDBDF66A2EFA80A9E3A0A5AD51C05AAD29C","intern","inventerad"
"SRC-00147","Flik 3 Beställarens organisation.docx","see archive","originals\kvalitetsdokument\Kvalitet_och_miljo_inom_bygg\Kvalitet och miljö inom bygg\Flik 3 Beställarens organisation\Flik 3 Beställarens organisation.docx","DOCX","original","","","2016-10-09","30B4A5E642C918CB8405E8AF5F4C736474D9B79E28C4CB08156A1B4335D7CCB1","intern","inventerad"
"SRC-00148","Flik 30 Checklista byggpärm.docx","see archive","originals\kvalitetsdokument\Kvalitet_och_miljo_inom_bygg\Kvalitet och miljö inom bygg\Flik 30 Checklista byggpärm\Flik 30 Checklista byggpärm.docx","DOCX","original","","","2016-10-09","0A4A50C8F66DE6BB949FF0E980F264F703F4808FE52765CF741A7E2814E4D3DE","intern","inventerad"
"SRC-00149","Flik 31 Distribution och signering av byggpärmen.docx","see archive","originals\kvalitetsdokument\Kvalitet_och_miljo_inom_bygg\Kvalitet och miljö inom bygg\Flik 31 Distribution och signering av byggpärmen\Flik 31 Distribution och signering av byggpärmen.docx","DOCX","original","","","2016-10-09","4B103CD4A6E5B1466E36C6F0C960BD13E5A210A246B079521B096522984625CB","intern","inventerad"
"SRC-00150","Flik 4 Underleverantörer (organisation).docx","see archive","originals\kvalitetsdokument\Kvalitet_och_miljo_inom_bygg\Kvalitet och miljö inom bygg\Flik 4 Underleverantörer (organisation)\Flik 4 Underleverantörer (organisation).docx","DOCX","original","","","2016-10-09","0650348F8E282E90C9AB5B1F708554DFD1CA7A62E8DBABB649B3F5447E3EF51D","intern","inventerad"
"SRC-00151","Flik 5 Kvalitetsplan.docx","see archive","originals\kvalitetsdokument\Kvalitet_och_miljo_inom_bygg\Kvalitet och miljö inom bygg\Flik 5 Kvalitetsplan\Flik 5 Kvalitetsplan.docx","DOCX","original","","","2016-10-18","D7300004324CA09F0A163BACD915EA2B3F41E08C7BE242C44FC7D0E10E3C0B14","intern","inventerad"
"SRC-00152","Flik 6 Miljöplan.docx","see archive","originals\kvalitetsdokument\Kvalitet_och_miljo_inom_bygg\Kvalitet och miljö inom bygg\Flik 6 Miljöplan\Flik 6 Miljöplan.docx","DOCX","original","","","2016-10-18","9732CDD1F0F804472C02AE8E282CD103826C4317CAF740DC2D5750CF5C05804F","intern","inventerad"
"SRC-00153","Flik 7 Arbetsmiljöplan.docx","see archive","originals\kvalitetsdokument\Kvalitet_och_miljo_inom_bygg\Kvalitet och miljö inom bygg\Flik 7 Arbetsmiljöplan\Flik 7 Arbetsmiljöplan.docx","DOCX","original","","","2016-10-18","E40F561A2E370CA776B129AF066D0439F5E1862A7D3A98E6F8BDE2AEF177C1E2","intern","inventerad"
"SRC-00154","Flik 8 Miljöanalys.docx","see archive","originals\kvalitetsdokument\Kvalitet_och_miljo_inom_bygg\Kvalitet och miljö inom bygg\Flik 8 Miljöanalys\Flik 8 Miljöanalys.docx","DOCX","original","","","2016-10-09","311B7A175CA8D6B09F3149A4C7BD1305BDD14D98EE30D513F15279237237623D","intern","inventerad"
"SRC-00155","Flik 9 Rivningsplan.docx","see archive","originals\kvalitetsdokument\Kvalitet_och_miljo_inom_bygg\Kvalitet och miljö inom bygg\Flik 9 Rivningsplan\Flik 9 Rivningsplan.docx","DOCX","original","","","2016-10-09","FA3B5571D68C9896095790EF805C05154C72694886F86816CFC43398CC3D9595","intern","inventerad"
"SRC-00156","CONTENT_GUIDE.md","see archive","processed\documentation-guides\CONTENT_GUIDE.md","Markdown","processed","","","2026-07-04","3BAA89447465B2FEF3F377D135A3204964D96E3988664C48720720C57D2E654C","intern","inventerad"
"SRC-00157","DEFINITIONS.md","see archive","processed\documentation-guides\DEFINITIONS.md","Markdown","processed","","","2026-07-04","592ABF14118288DA462A3C3A8A0706A354E68750BEC49D7E57C904208B817DE5","intern","inventerad"
"SRC-00158","DOMAIN_MODEL.md","see archive","processed\documentation-guides\DOMAIN_MODEL.md","Markdown","processed","","","2026-07-04","EAF80F454C327BE69E5801B25A61533C1DCAF559A63175F11293FAB3A0F2E172","intern","inventerad"
"SRC-00159","KNOWLEDGE_BASE.md","see archive","processed\documentation-guides\KNOWLEDGE_BASE.md","Markdown","processed","","","2026-07-04","0DA1C43D6C55D7239A96D74CD4F18B3A762932F420542E83D10D5A0C3AFF5800","intern","inventerad"
"SRC-00160","LANGUAGE_GUIDE.md","see archive","processed\documentation-guides\LANGUAGE_GUIDE.md","Markdown","processed","","","2026-07-04","EA866D35405F022A05A66EE45172C4A3B0C5A93096B8BDC8BE438D6A8BC56308","intern","inventerad"
"SRC-00161","TERMINOLOGY.md","see archive","processed\documentation-guides\TERMINOLOGY.md","Markdown","processed","","","2026-07-04","5271BB1ADF5A1D4F5A51C45FAC2D6C54351EE53E320E5E69D72BF776B003F0CD","intern","inventerad"
"SRC-00162","UX_GUIDELINES.md","see archive","processed\documentation-guides\UX_GUIDELINES.md","Markdown","processed","","","2026-07-04","F1F36FCEA3D4E4D5F595CA5C8501A14A498B538E0E7B887B7E754DCAC6E34217","intern","inventerad"
"SRC-00163","APP_BLUEPRINT.md","see archive","processed\egenkontroll-app\APP_BLUEPRINT.md","Markdown","processed","","","2026-07-13","A223470FA0F88FB6A8866E4C3ED0147B79A4313A828DCEAF961B891D4F0E7A53","intern","inventerad"
"SRC-00164","CHANGELOG.md","see archive","processed\egenkontroll-app\CHANGELOG.md","Markdown","processed","","","2026-07-13","36337C024F98D887602FD940B5FE570FBD9615C3E29FAAA159624216EEF889AC","intern","inventerad"
"SRC-00165","CONTENT_GUIDE.md","see archive","processed\egenkontroll-app\CONTENT_GUIDE.md","Markdown","processed","","","2026-07-13","83FE3A7CB27466267736A414A62F0ACEFFD0C2DF112188163AE409B650172A81","intern","inventerad"
"SRC-00166","DECISIONS.md","see archive","processed\egenkontroll-app\DECISIONS.md","Markdown","processed","","","2026-07-13","7546A79586EE3080AFF79127050772C0B0048B76BBDEB27E7A906C09899F3F29","intern","inventerad"
"SRC-00167","DEFINITIONS.md","see archive","processed\egenkontroll-app\DEFINITIONS.md","Markdown","processed","","","2026-07-13","8916AA4AD0A6A9B167D1CCED50825252898105C4804AA008EC612E31AF37C69C","intern","inventerad"
"SRC-00168","DOMAIN_MODEL.md","see archive","processed\egenkontroll-app\DOMAIN_MODEL.md","Markdown","processed","","","2026-07-13","68AC9169A780D75B3D290049B38EC9092150620811052866B09C35E09115E77C","intern","inventerad"
"SRC-00169","IMPLEMENTATION_PLAN_V1.md","see archive","processed\egenkontroll-app\IMPLEMENTATION_PLAN_V1.md","Markdown","processed","","","2026-07-06","7F9F9CF8B42CFF0E5C12E4072391BBC0C10E569FAC2CDCB4EFFA7B0683E654E8","intern","inventerad"
"SRC-00170","KNOWLEDGE_BASE.md","see archive","processed\egenkontroll-app\KNOWLEDGE_BASE.md","Markdown","processed","","","2026-07-13","68C2F0ED180666B241836A9098F84DED3460B9C85FF39A92DE0739965CCED493","intern","inventerad"
"SRC-00171","LANGUAGE_GUIDE.md","see archive","processed\egenkontroll-app\LANGUAGE_GUIDE.md","Markdown","processed","","","2026-07-13","C495EBDF871BCA5E6D59A87AB62C609A97827D7BAABCD672CD4D67927FB52D60","intern","inventerad"
"SRC-00172","PRODUCT_EXPERIENCE.md","see archive","processed\egenkontroll-app\PRODUCT_EXPERIENCE.md","Markdown","processed","","","2026-07-05","06963FA64173F564624671520DCEC92039CAF4A56A534E2A9E7BA86A88A59C54","intern","inventerad"
"SRC-00173","PRODUCT_STRUCTURE.md","see archive","processed\egenkontroll-app\PRODUCT_STRUCTURE.md","Markdown","processed","","","2026-07-06","6EBCAD83CCCDF676E99485CAAA6B2CF57E1AF298047B963ECFE6D1192C74B86D","intern","inventerad"
"SRC-00174","PROJECT_STATUS.md","see archive","processed\egenkontroll-app\PROJECT_STATUS.md","Markdown","processed","","","2026-07-13","2D96B9EEFB9C8056B59C94844A8F9A73F016F23345D3770C961B2FFB88CE6B7D","intern","inventerad"
"SRC-00175","TERMINOLOGY.md","see archive","processed\egenkontroll-app\TERMINOLOGY.md","Markdown","processed","","","2026-07-13","A30514F8E1F0C38163BD773DB736E58D020142D307BEF82733028F77C54E07FD","intern","inventerad"
"SRC-00176","UX_GUIDELINES.md","see archive","processed\egenkontroll-app\UX_GUIDELINES.md","Markdown","processed","","","2026-07-13","87636DD3B03525CF28DFF61A113E0BBE8608778E0B42D53F05831DF441E6C1E0","intern","inventerad"
"SRC-00177","EGENKONTROLL_APP_BLUEPRINT.md","see archive","processed\egenkontroll-app-root\EGENKONTROLL_APP_BLUEPRINT.md","Markdown","processed","","","2026-07-04","199913F429D5DBFE1ADCEB3F56F70A955DB2866482E623424A9EAB846587AA73","intern","inventerad"
"SRC-00178","QUALITY-WORKS-USER-MANUAL.md","see archive","processed\legacy-knowledge-base\QUALITY-WORKS-USER-MANUAL.md","Markdown","processed","","","2026-06-18","0C1C68AE6C4D75736CA1DA08CE0E507D2C12CB5AD29614DBC9F18809642EACA0","intern","inventerad"
"SRC-00179","README.md","see archive","processed\legacy-knowledge-base\README.md","Markdown","processed","","","2026-06-18","F7F3F3D508497DDA44B5C173763CCCC027111769FF98933C4AFCC3749AE99734","intern","inventerad"
"SRC-00180","INLOGGNING.md","see archive","processed\quality-works-original\INLOGGNING.md","Markdown","processed","","","2026-06-17","422014F55F3AE442DF14B13FF18906A84221C6345F26C3C96C32A2728E6220DB","intern","inventerad"
"SRC-00181","LASER-DARK-DESIGN-SYSTEM.md","see archive","processed\quality-works-original\LASER-DARK-DESIGN-SYSTEM.md","Markdown","processed","","","2026-06-17","E387F8D999849601CBC86C1661984CF4FFECA3EC4CCAAC2D4B2B3BCAF672ADBE","intern","inventerad"
"SRC-00182","PERSONALENKAT.md","see archive","processed\quality-works-original\PERSONALENKAT.md","Markdown","processed","","","2026-06-17","D098AF3FCC4A7329071E476F2A1036B21570E60D8DDEC63E6EE1D11CA62796C8","intern","inventerad"
"SRC-00183","QUALITY-WORKS-USER-MANUAL.md","see archive","processed\quality-works-original\QUALITY-WORKS-USER-MANUAL.md","Markdown","processed","","","2026-06-17","3A3E6A3A3D1DE09DE7FFDAE741654B355D3C031C0A9A9C63FB3002D0BF48C078","intern","inventerad"
"SRC-00184","README.md","see archive","processed\quality-works-original\README.md","Markdown","processed","","","2026-06-17","B38FEC5E60017341E019F51F5F828836003EA5A6B1E53A0FAAD31C6B6146676B","intern","inventerad"
"SRC-00185","STARTSIDAN.md","see archive","processed\quality-works-original\STARTSIDAN.md","Markdown","processed","","","2026-06-17","4DB6661CA47FC0891E91BE4AD56C8A9FF385AE491464CCF4D4CA4F2D8706A10E","intern","inventerad"
